{"chroma_mean": [0.12171779572963715, 0.1077333465218544, 0.11816642433404922, 0.10911783576011658, 0.12106508761644363, 0.1094541996717453, 0.10582952201366425, 0.12176862359046936, 0.11357254534959793, 0.12423469871282578, 0.10947078466415405, 0.11627675592899323, 0.3357309401035309], "chroma_std": [0.16414140164852142, 0.1418667733669281, 0.1613507717847824, 0.14346429705619812, 0.1615864634513855, 0.15098710358142853, 0.14392542839050293, 0.1657385528087616, 0.14976264536380768, 0.16871632635593414, 0.14606307446956635, 0.1534394919872284, 0.1826464980840683], "texture_mean": [0.209651917219162, 0.5013640522956848, 0.15452224016189575, 0.2202378213405609], "texture_std": [0.13898424804210663, 0.2047293484210968, 0.10895410180091858, 0.15795685350894928]}