{"mean": [-0.04337697476148605, 0.07853834331035614, 0.006356526631861925, -0.01781291700899601, -0.014778157696127892, 0.042676668614149094, 0.02464376389980316, -0.09682375192642212, 0.009036034345626831, 0.04061251878738403, -0.07617493718862534, -0.07429888099431992, -0.037181608378887177, -0.08441448211669922, -0.05185343325138092, 0.017647136002779007, -0.009874633513391018, 0.023695502430200577, 0.07286237925291061, 0.03670813888311386, -0.0369969867169857, -0.022858066484332085, -0.0014352172147482634, 0.03504945710301399, 0.06851337850093842, -0.0013691470958292484, -0.05665282905101776, 0.035137444734573364, -0.08983980864286423, -0.05257773771882057, 0.14011672139167786, 0.017546003684401512], "std": [1.4721672534942627, 1.2098041772842407, 1.2414612770080566, 1.210963487625122, 1.5833981037139893, 1.1111441850662231, 1.27982497215271, 1.1614139080047607, 1.5769463777542114, 1.3142659664154053, 1.3371238708496094, 1.058794379234314, 1.3943312168121338, 1.4725239276885986, 1.3461472988128662, 1.329371452331543, 1.3149900436401367, 1.223883032798767, 1.1021775007247925, 1.4240766763687134, 1.2932170629501343, 1.145858883857727, 1.347581148147583, 1.1374313831329346, 1.0955069065093994, 1.5964018106460571, 1.4113032817840576, 1.1890517473220825, 2.6081950664520264, 1.4499129056930542, 1.2845102548599243, 1.284167766571045]}