{"mean": [-0.041338156908750534, 0.16305294632911682, 0.10874900221824646, 0.00285257282666862, -0.1033078283071518, 0.03969818353652954, 0.0028538997285068035, -0.07114529609680176, -0.04212704673409462, 0.05357087403535843, -0.01018308661878109, -0.05094459280371666, -0.02924210950732231, 0.0398574098944664, -0.11260022968053818, -0.03714196756482124, 0.04123306646943092, 0.039156194776296616, 0.058271173387765884, -0.034924861043691635, -0.008171346969902515, -0.0066958237439394, -0.0297140721231699, 0.01985282637178898, -0.0426425039768219, -0.3028062582015991, -0.06486581265926361, 0.1534959226846695, -1.156423807144165, -0.021392686292529106, 0.053535472601652145, 0.07377368211746216], "std": [1.6875661611557007, 1.340017318725586, 1.3939839601516724, 1.3827542066574097, 1.844287395477295, 1.2607792615890503, 1.4404925107955933, 1.2913470268249512, 1.7782479524612427, 1.497399091720581, 1.5086033344268799, 1.2059389352798462, 1.6182777881622314, 1.6807612180709839, 1.5333470106124878, 1.5729305744171143, 1.5292226076126099, 1.404206395149231, 1.254278302192688, 1.6542719602584839, 1.4906455278396606, 1.3109902143478394, 1.5405160188674927, 1.295947551727295, 1.2426478862762451, 1.723237156867981, 1.5870543718338013, 1.3409568071365356, 2.7318637371063232, 1.6952059268951416, 1.4864457845687866, 1.4725791215896606]}